<application>
  <component name="FileTypeManager" version="17">
    <extensionMap>
      <mapping pattern="*.js.flow" type="Flow" />
      <mapping pattern="*.js.flow" type="Flow" />
      <removed_mapping ext="cmd" approved="true" type="PLAIN_TEXT" />
      <removed_mapping ext="log" approved="true" type="PLAIN_TEXT" />
      <removed_mapping ext="bat" approved="true" type="PLAIN_TEXT" />
      <mapping pattern="migration" type="TypeScript" />
      <mapping pattern="AdGroupHintsMapper" type="TypeScript" />
      <mapping pattern="Information" type="TypeScript" />
      <mapping pattern="IconInfo" type="TypeScript" />
      <mapping pattern="InactivityReasonMapper" type="TypeScript" />
      <mapping pattern="BrandPatchUpdatesRequestDTOBuilder" type="TypeScript" />
      <mapping ext="tx" type="TypeScript" />
      <removed_mapping ext="bat" approved="true" type="PLAIN_TEXT" />
      <removed_mapping ext="log" approved="true" type="PLAIN_TEXT" />
      <removed_mapping ext="dockerfile" approved="true" type="textmate" />
      <removed_mapping ext="makefile" approved="true" type="textmate" />
      <removed_mapping ext="cmd" approved="true" type="PLAIN_TEXT" />
      <removed_mapping ext="snakefile" approved="true" type="textmate" />
    </extensionMap>
  </component>
</application>