<keymap version="1" name="VSCode copy" parent="VSCode">
  <action id="ActivateProjectToolWindow">
    <keyboard-shortcut first-keystroke="shift meta e" />
    <keyboard-shortcut first-keystroke="meta 1" />
  </action>
  <action id="Back">
    <keyboard-shortcut first-keystroke="ctrl minus" />
    <keyboard-shortcut first-keystroke="meta open_bracket" />
  </action>
  <action id="DuplicatesForm.SendToLeft" />
  <action id="EditorChooseLookupItem">
    <keyboard-shortcut first-keystroke="enter" />
    <keyboard-shortcut first-keystroke="tab" />
  </action>
  <action id="EditorIndentLineOrSelection" />
  <action id="EditorUnindentSelection" />
  <action id="ExpandLiveTemplateByTab" />
  <action id="FileChooser.GotoHome" />
  <action id="Forward">
    <keyboard-shortcut first-keystroke="shift ctrl minus" />
    <keyboard-shortcut first-keystroke="meta close_bracket" />
  </action>
  <action id="GotoDeclaration">
    <mouse-shortcut keystroke="meta button1" />
    <keyboard-shortcut first-keystroke="alt period" />
  </action>
  <action id="GotoImplementation" />
  <action id="Javascript.Linters.EsLint.Fix">
    <keyboard-shortcut first-keystroke="#10000a7" />
  </action>
  <action id="NewDir">
    <keyboard-shortcut first-keystroke="ctrl meta n" />
  </action>
  <action id="OptimizeImports" />
  <action id="ReformatCode" />
  <action id="ReformatWithPrettierAction">
    <keyboard-shortcut first-keystroke="f12" />
  </action>
  <action id="Tab" />
</keymap>